,Train,Test
lookback_period:20,308.75086465230294,35.388152908533996
lookback_period:30,247.32339397743596,35.204011580231324
lookback_period:40,225.68128813611946,35.388152908533996
