,Train,Test
lookback_period:20,0.07861922913705388,0.3091803884611339
lookback_period:30,0.05237848311369952,0.25350957615069797
lookback_period:40,0.07861922913705398,0.3091803884611339
