,Train,Test
lookback_period:20,1493.5489708923042,152.3911465618228
lookback_period:30,1898.2673803257587,141.85129129829144
lookback_period:40,1089.2866653809476,152.3911465618228
