,Train,Test
lookback_period:20,2140.113064893046,289.17745608801295
lookback_period:30,2962.2900192861284,515.6398090279692
lookback_period:40,1666.1128477084387,623.131757559135
