,Train,Test
lookback_period:20,0.08792971026647249,0.2841382911626108
lookback_period:30,0.05857499498524049,0.22810734743061217
lookback_period:40,0.09577151241408083,0.2841382911626108
