,Train,Test
lookback_period:20,447.94493113451716,64.86283076583958
lookback_period:30,394.5362081902277,113.996896729353
lookback_period:40,354.005821321424,139.08810924002233
