,Train,Test
lookback_period:20,2923.2801227300642,268.0756522614535
lookback_period:30,4504.201678632372,262.9072484026152
lookback_period:40,2158.89151344873,259.8314754961656
