,Train,Test
lookback_period:20,0.08253906736900883,0.3044579942236969
lookback_period:30,0.050712304512982864,0.24654469878742394
lookback_period:40,0.0831705605914282,0.30444708907595364
