,Train,Test
lookback_period:20,581.1055665264437,61.27871357070999
lookback_period:30,537.0347656168086,63.27113055628559
lookback_period:40,429.53119685098676,59.43450047210903
